,Unnamed: 1,browserbite-dt-external-k3
1,,1.0
2,,1.0
3,,0.1935483870967742
4,,0.896551724137931
5,,1.0
6,,1.0
7,,1.0
8,,1.0
9,,0.6666666666666666
10,,0.3076923076923077
