,Unnamed: 1,browserbite-dt-external-k3
1,,1.0
2,,0.9655172413793104
3,,0.8571428571428571
4,,0.4727272727272727
5,,0.0975609756097561
6,,0.23529411764705882
7,,0.05555555555555555
8,,0.275
9,,0.23529411764705882
10,,0.2222222222222222
